BEGIN TRANSACTION;
CREATE TABLE IF NOT EXISTS "Documents" (
	"id"	INTEGER,
	"document_path"	VARCHAR(128) NOT NULL,
	"width"	int,
	"height"	int,
	"created_by"	bigint NOT NULL,
	"downloaded_on"	datetime NOT NULL,
	"deleted_on"	datetime NOT NULL,
	"decrypt_key"	VARCHAR(20) NOT NULL,
	"num_of_pages"	int,
	"inmate_number"	int,
	"signature"	BLOB,
	"status"	VARCHAR(127),
	"printed"	tinyint(1),
	"decrypted"	tinyint(1),
	"encrypted_file_checksum"	VARCHAR(128),
	"original_file_checksum"	VARCHAR(128),
	"inmate_photo"	BLOB,
	"original_extension"	VARCHAR(10),
	"printed_date"	datetime,
	"inmate_name"	VARCHAR(128),
	"title"	VARCHAR(128),
	"document_id"	INTEGER NOT NULL,
	PRIMARY KEY("id" AUTOINCREMENT)
);
CREATE TABLE IF NOT EXISTS "Entity" (
	"id"	int NOT NULL,
	"enabled"	tinyint(1) NOT NULL DEFAULT '1',
	"playback_video"	INT NOT NULL,
	"name"	varchar(80) NOT NULL,
	"description"	VARCHAR(255),
	"microsoft_tenant_id"	varchar(255) DEFAULT NULL,
	"brand_logo"	int NOT NULL DEFAULT '0',
	"background"	int NOT NULL DEFAULT '0',
	"passcode"	VARCHAR(255),
	FOREIGN KEY("brand_logo") REFERENCES "Object"("id"),
	FOREIGN KEY("playback_video") REFERENCES "object"("id"),
	FOREIGN KEY("background") REFERENCES "object"("id"),
	PRIMARY KEY("id")
);
CREATE TABLE IF NOT EXISTS "Languages" (
	"language_id"	INTEGER,
	"iso-code"	varchar(3) NOT NULL DEFAULT '',
	"description"	varchar(20) NOT NULL DEFAULT '',
	"icon"	varchar(20) NOT NULL DEFAULT '',
	"enabled"	tinyint(1) NOT NULL DEFAULT '0',
	PRIMARY KEY("language_id" AUTOINCREMENT)
);
CREATE TABLE IF NOT EXISTS "Object" (
	"id"	bigint NOT NULL,
	"original_name"	varchar(1024) NOT NULL,
	"original_extension"	varchar(12) NOT NULL,
	"etag"	varchar(64) NOT NULL,
	"encryption"	varchar(12) NOT NULL,
	"upload_date"	datetime NOT NULL DEFAULT (CURRENT_TIMESTAMP),
	"download_date"	datetime DEFAULT NULL,
	"deletion_date"	timestamp DEFAULT NULL,
	"bucket"	varchar(255) NOT NULL,
	"region"	text NOT NULL,
	"endpoint"	text NOT NULL,
	"objectName"	text NOT NULL,
	"objecturl"	text NOT NULL,
	"deleted"	tinyint(1) NOT NULL DEFAULT 0,
	PRIMARY KEY("id")
);
CREATE TABLE IF NOT EXISTS "Questions" (
	"question_id"	bigint NOT NULL,
	"sequence_number"	int NOT NULL,
	"created_date"	DATETIME DEFAULT CURRENT_TIMESTAMP,
	PRIMARY KEY("question_id")
);
CREATE TABLE IF NOT EXISTS "Questions_answers" (
	"question_answer_id"	INTEGER,
	"question_id"	bigint DEFAULT NULL,
	"answer"	int DEFAULT NULL,
	"object_id"	bigint DEFAULT NULL,
	"answer_date"	DATETIME DEFAULT CURRENT_TIMESTAMP,
	PRIMARY KEY("question_answer_id" AUTOINCREMENT)
);
CREATE TABLE IF NOT EXISTS "Questions_text" (
	"questions_text_id"	INTEGER,
	"question_id"	bigint NOT NULL,
	"language_id"	bigint NOT NULL,
	"question_text"	text NOT NULL,
	FOREIGN KEY("language_id") REFERENCES "Languages"("language_id"),
	FOREIGN KEY("question_id") REFERENCES "Questions"("question_id"),
	PRIMARY KEY("questions_text_id" AUTOINCREMENT)
);
INSERT INTO "Documents" ("id","document_path","width","height","created_by","downloaded_on","deleted_on","decrypt_key","num_of_pages","inmate_number","signature","status","printed","decrypted","encrypted_file_checksum","original_file_checksum","inmate_photo","original_extension","printed_date","inmate_name","title","document_id") VALUES (323,'docs/file_267.pdf',210,297,0,0,0,'222333',1,25252,NULL,'ready',0,0,'3aaf549bc9f12266729b1cac8673cd31c07f8d117eb53115aa15d956e41adca5','e2fdc74e0b903fd4587405683961522d01896b9bd950be92744b166409fd1864',NULL,'pdf',NULL,'James','Devolutions Hub Personal Emergency Kit',267),
 (324,'docs/file_268.pdf',210,297,0,0,0,'222333',1,25252,NULL,'ready',0,0,'be4bb4a381e10039bcbc16cc9f07cd78d7af950957cb2b8883a6dfd6e9e66370','e2fdc74e0b903fd4587405683961522d01896b9bd950be92744b166409fd1864',NULL,'pdf',NULL,'James','Devolutions Hub Personal Emergency Kit',268),
 (325,'docs/file_270.pdf',210,297,0,0,0,'222333',1,111,NULL,'ready',0,0,'3b9d95adb8e06f68c19bc1b0933b356876e9558202de8a28657f832bd0e7eb8b','d26ba479de086a60f1e212aedae15dd886d01c094216efe92ea1cf7d9055b103',NULL,'pdf',NULL,'Craig','LIAM-order-1105',270),
 (326,'docs/file_271.pdf',210,297,0,0,0,'222333',1,111,NULL,'ready',0,0,'9301d7c3a8e203dcbe79c028212b91fc64f50cab36c72f8eccfa97192071ae7f','7bf87c3f19d3172ed2b038ee139ceec4c220f2de7216dac887a4b6c67dfdab5e',NULL,'pdf',NULL,'Craig','LIAM-order-1106',271),
 (327,'docs/file_272.pdf',210,297,0,0,0,'222333',1,11111,NULL,'ready',0,0,'03ab7c10b28197ca776d6e07731beeac301006e20bff8231205325666023fa62','7bf87c3f19d3172ed2b038ee139ceec4c220f2de7216dac887a4b6c67dfdab5e',NULL,'pdf',NULL,'James','LIAM-order-1106',272),
 (328,'docs/file_273.pdf',210,297,0,0,0,'222333',1,11111,NULL,'ready',0,0,'5a408a3e8f7092c07235dbe28e407c498e4e64c3a6fbe4fa72df979829ae2bd0','f7237f4c1deef77032d1e088f4f2c574bbef1aff78f449706a752d090816ff22',NULL,'pdf',NULL,'James','LIAM-order-1105(1)',273),
 (329,'docs/file_274.pdf',210,297,0,0,0,'222333',1,11111,NULL,'ready',0,0,'8031596a23f2f9cfe21135459d7cce935b6ed7749d4abc8576ec162327de0c90','d26ba479de086a60f1e212aedae15dd886d01c094216efe92ea1cf7d9055b103',NULL,'pdf',NULL,'James','LIAM-order-1105',274),
 (330,'docs/file_278.pdf',210,297,0,0,0,'222333',1,111111,NULL,'ready',0,0,'6bf4a8f93c143f356e1e9f43ace28a2c9857f078c894cd4bfe234692bad23a0e','d26ba479de086a60f1e212aedae15dd886d01c094216efe92ea1cf7d9055b103',NULL,'pdf',NULL,'Edward','LIAM-order-1105',278),
 (331,'docs/file_280.pdf',210,297,0,0,0,'222333',1,111,NULL,'ready',0,0,'9301d7c3a8e203dcbe79c028212b91fc64f50cab36c72f8eccfa97192071ae7f','7bf87c3f19d3172ed2b038ee139ceec4c220f2de7216dac887a4b6c67dfdab5e',NULL,'pdf',NULL,'edward','LIAM-order-1106',280),
 (332,'docs/file_283.pdf',210,297,0,0,0,'222333',1,25252,NULL,'ready',0,0,'be4bb4a381e10039bcbc16cc9f07cd78d7af950957cb2b8883a6dfd6e9e66370','e2fdc74e0b903fd4587405683961522d01896b9bd950be92744b166409fd1864',NULL,'pdf',NULL,'James','Devolutions Hub Personal Emergency Kit',283),
 (333,'docs/file_284.pdf',210,297,0,0,0,'222333',1,111,NULL,'ready',0,0,'8031596a23f2f9cfe21135459d7cce935b6ed7749d4abc8576ec162327de0c90','d26ba479de086a60f1e212aedae15dd886d01c094216efe92ea1cf7d9055b103',NULL,'pdf',NULL,'Edward','LIAM-order-1105',284),
 (334,'docs/file_295.pdf',210,297,0,0,0,'222333',1,25252,NULL,'ready',0,0,'e152c2b6ee514b0e81d4f8caca55ed9779cfcd4c34309b87a4599d92cf722389','e2fdc74e0b903fd4587405683961522d01896b9bd950be92744b166409fd1864',NULL,'pdf',NULL,'Jimmy Travers','Devolutions Hub Personal Emergency Kit',295),
 (335,'docs/file_296.pdf',210,297,0,0,0,'222333',1,22222,NULL,'ready',0,0,'be4bb4a381e10039bcbc16cc9f07cd78d7af950957cb2b8883a6dfd6e9e66370','e2fdc74e0b903fd4587405683961522d01896b9bd950be92744b166409fd1864',NULL,'pdf',NULL,'22222','Devolutions Hub Personal Emergency Kit',296),
 (336,'docs/file_340.pdf',210,297,0,0,0,'222333',34,111,NULL,'ready',0,0,'db67a4a1eb981ef48bfcfe35355a0a96bfdca2a249979edb794c5eee204201bb','27cfa50a943f3927e218fb8382409e2c955fdab56afba2293f4aaf8b0f34cb1b',NULL,'pdf',NULL,'edward','DS-RX1_PrinterDriverInstruction_For7,8_V1.11_English',340),
 (337,'docs/file_341.pdf',210,297,0,0,0,'222333',1,111,NULL,'ready',0,0,'36b473fcc64fe52f9d21287c667d67036e8650689cc1bfcef7f1b760e7fd20d0','d26ba479de086a60f1e212aedae15dd886d01c094216efe92ea1cf7d9055b103',NULL,'pdf',NULL,'James','LIAM-order-1105',341),
 (338,'docs/file_342.pdf',210,297,0,0,0,'222333',13,1111,NULL,'ready',0,0,'c843e21a535c26359af097e95113afa522de74113d1f2cf55095c08c80caa5a6','c18a47dd4cd7ef41241ca2db98fadd668db4e6b33a692b7926ee66ad531729cd',NULL,'pdf',NULL,'Edward','Glenbervie-Christmas-Brochure-2023',342),
 (339,'docs/file_347.pdf',210,297,0,0,0,'22223333',2,111111,NULL,'ready',0,0,'03ed9dfe74be88c5a1fd703bdf2a2d616d5dfb57b4761aacf616977e2517cbc7','d2ea9da70fd594fb287ee9a53aee200af726b60eab1796f64e22eac5218e7558',NULL,'pdf',NULL,'Edward','test',347),
 (340,'docs/file_348.pdf',210,297,0,0,0,'22223333',1,111111,NULL,'ready',0,0,'22dec03b1d4aa4ffb134b83539e7ce2f94742f6997994483ed1fef25327b9e0f','7bf87c3f19d3172ed2b038ee139ceec4c220f2de7216dac887a4b6c67dfdab5e',NULL,'pdf',NULL,'Edward','LIAM-order-1106',348),
 (341,'docs/file_349.pdf',210,297,0,0,0,'333444',1,111222,NULL,'ready',0,0,'a10b56e7d859061d3c0ed81d9f88c55890de9e4f7b1562743f5a7ecb34574d4d','7bf87c3f19d3172ed2b038ee139ceec4c220f2de7216dac887a4b6c67dfdab5e',NULL,'pdf',NULL,'Edward','LIAM-order-1106',349),
 (342,'docs/file_350.pdf',210,297,0,0,0,'333444',2,111222,NULL,'ready',0,0,'4e2787e06b10e4e198d115909df2f3a55313d8ecdc0ebea96ce75bc513ed4147','d2ea9da70fd594fb287ee9a53aee200af726b60eab1796f64e22eac5218e7558',NULL,'pdf',NULL,'Edward','test',350),
 (343,'docs/file_351.pdf',210,297,0,0,0,'333444',1,111222,NULL,'ready',0,0,'eb3bae01dee7978e6df76677e6e08bd766e871a882778006977438efd6823c11','d26ba479de086a60f1e212aedae15dd886d01c094216efe92ea1cf7d9055b103',NULL,'pdf',NULL,'Edward','LIAM-order-1105',351),
 (344,'docs/file_352.pdf',210,297,0,0,0,'222222',2,111111,NULL,'ready',0,0,'0f8a229edf6ad4f37b1603586d75a19a186edda6f3609051393c842e0bb13012','d2ea9da70fd594fb287ee9a53aee200af726b60eab1796f64e22eac5218e7558',NULL,'pdf',NULL,'edward','test',352),
 (345,'docs/file_353.pdf',210,297,0,0,0,'222222',1,111111,NULL,'ready',0,0,'6bf4a8f93c143f356e1e9f43ace28a2c9857f078c894cd4bfe234692bad23a0e','d26ba479de086a60f1e212aedae15dd886d01c094216efe92ea1cf7d9055b103',NULL,'pdf',NULL,'edward','LIAM-order-1105',353),
 (346,'docs/file_354.pdf',210,297,0,0,0,'222222',13,111111,NULL,'ready',0,0,'17326ab7218dbec70306b83f3ae1abc076badc555d5437bcd276e285be420369','c18a47dd4cd7ef41241ca2db98fadd668db4e6b33a692b7926ee66ad531729cd',NULL,'pdf',NULL,'edward','Glenbervie-Christmas-Brochure-2023(1)',354),
 (347,'docs/file_355.pdf',210,297,0,0,0,'222222',2,111111,NULL,'ready',0,0,'0f8a229edf6ad4f37b1603586d75a19a186edda6f3609051393c842e0bb13012','d2ea9da70fd594fb287ee9a53aee200af726b60eab1796f64e22eac5218e7558',NULL,'pdf',NULL,'Edward','test',355),
 (348,'docs/file_356.pdf',210,297,0,0,0,'222333',13,111111,NULL,'ready',0,0,'c843e21a535c26359af097e95113afa522de74113d1f2cf55095c08c80caa5a6','c18a47dd4cd7ef41241ca2db98fadd668db4e6b33a692b7926ee66ad531729cd',NULL,'pdf',NULL,'Edward','Glenbervie-Christmas-Brochure-2023',356),
 (349,'docs/file_359.pdf',210,297,0,0,0,'222222',1,1111,NULL,'ready',0,0,'9f47eee6be115c9ba7ce28627b82e309fe1e49f75b31cf483ea574a3d281f7a5','7bf87c3f19d3172ed2b038ee139ceec4c220f2de7216dac887a4b6c67dfdab5e',NULL,'pdf',NULL,'edward','LIAM-order-1106',359),
 (350,'docs/file_360.pdf',210,297,0,0,0,'222222',2,1111,NULL,'ready',0,0,'0f8a229edf6ad4f37b1603586d75a19a186edda6f3609051393c842e0bb13012','d2ea9da70fd594fb287ee9a53aee200af726b60eab1796f64e22eac5218e7558',NULL,'pdf',NULL,'edward','test',360),
 (351,'docs/file_378.pdf',210,297,0,0,0,'2222222',2,111111,NULL,'ready',0,0,'04179ac0ede0aecdccfd023b2b634b0cf57038662caf82ec8b28153ec8ba87b4','d2ea9da70fd594fb287ee9a53aee200af726b60eab1796f64e22eac5218e7558',NULL,'pdf',NULL,'edward','test',378),
 (352,'docs/file_379.pdf',210,297,0,0,0,'2222222',1,111111,NULL,'ready',0,0,'e837aaac93357600f86ee2dfcd5034c4e01fc3bf5c25dd62a3837aefb2c858ad','d26ba479de086a60f1e212aedae15dd886d01c094216efe92ea1cf7d9055b103',NULL,'pdf',NULL,'edward','LIAM-order-1105(2)',379),
 (353,'docs/file_380.pdf',210,297,0,0,0,'2222222',2,111111,NULL,'ready',0,0,'04179ac0ede0aecdccfd023b2b634b0cf57038662caf82ec8b28153ec8ba87b4','d2ea9da70fd594fb287ee9a53aee200af726b60eab1796f64e22eac5218e7558',NULL,'pdf',NULL,'edward','test',380),
 (354,'docs/file_381.pdf',210,297,0,0,0,'2222222',1,111111,NULL,'ready',0,0,'e837aaac93357600f86ee2dfcd5034c4e01fc3bf5c25dd62a3837aefb2c858ad','d26ba479de086a60f1e212aedae15dd886d01c094216efe92ea1cf7d9055b103',NULL,'pdf',NULL,'edward','LIAM-order-1105',381),
 (355,'docs/file_384.pdf',210,297,0,0,0,'222222',2,111111,NULL,'ready',0,0,'0f8a229edf6ad4f37b1603586d75a19a186edda6f3609051393c842e0bb13012','d2ea9da70fd594fb287ee9a53aee200af726b60eab1796f64e22eac5218e7558',NULL,'pdf',NULL,'Edward','test',384),
 (356,'docs/file_385.pdf',210,297,0,0,0,'222222',1,111111,NULL,'ready',0,0,'6bf4a8f93c143f356e1e9f43ace28a2c9857f078c894cd4bfe234692bad23a0e','d26ba479de086a60f1e212aedae15dd886d01c094216efe92ea1cf7d9055b103',NULL,'pdf',NULL,'Edward','LIAM-order-1105',385),
 (357,'docs/file_386.pdf',210,297,0,0,0,'222222',1,111111,NULL,'ready',0,0,'9f47eee6be115c9ba7ce28627b82e309fe1e49f75b31cf483ea574a3d281f7a5','7bf87c3f19d3172ed2b038ee139ceec4c220f2de7216dac887a4b6c67dfdab5e',NULL,'pdf',NULL,'Edward','LIAM-order-1106',386),
 (358,'docs/file_388.pdf',210,297,0,0,0,'222333',2,111111,NULL,'ready',0,0,'02a9a3db23620923d9d55cabac5a60669cc6b89b5c35767fa7420c38296ef200','d2ea9da70fd594fb287ee9a53aee200af726b60eab1796f64e22eac5218e7558',NULL,'pdf',NULL,'Edward','test - Copy',388),
 (359,'docs/file_390.pdf',210,297,0,0,0,'222333',1,111111,NULL,'ready',0,0,'e31d63618c4792f7f6e8f130eeacb0e9af90bf8112a5b8c0949492fd1a8833a5','7bf87c3f19d3172ed2b038ee139ceec4c220f2de7216dac887a4b6c67dfdab5e',NULL,'pdf',NULL,'Edward','LIAM-order-1106',390),
 (360,'docs/file_391.pdf',210,297,0,0,0,'222333',1,111111,NULL,'ready',0,0,'36b473fcc64fe52f9d21287c667d67036e8650689cc1bfcef7f1b760e7fd20d0','d26ba479de086a60f1e212aedae15dd886d01c094216efe92ea1cf7d9055b103',NULL,'pdf',NULL,'Edward','LIAM-order-1105',391),
 (361,'docs/file_394.pdf',210,297,0,0,0,'222333',2,111111,NULL,'ready',0,0,'02a9a3db23620923d9d55cabac5a60669cc6b89b5c35767fa7420c38296ef200','d2ea9da70fd594fb287ee9a53aee200af726b60eab1796f64e22eac5218e7558',NULL,'pdf',NULL,'Edward','test',394),
 (362,'docs/file_395.pdf',210,297,0,0,0,'222333',2,111111,NULL,'ready',0,0,'02a9a3db23620923d9d55cabac5a60669cc6b89b5c35767fa7420c38296ef200','d2ea9da70fd594fb287ee9a53aee200af726b60eab1796f64e22eac5218e7558',NULL,'pdf',NULL,'Edward','test(1)',395),
 (363,'docs/file_396.pdf',210,297,0,0,0,'333444',2,111222,NULL,'ready',0,0,'4e2787e06b10e4e198d115909df2f3a55313d8ecdc0ebea96ce75bc513ed4147','d2ea9da70fd594fb287ee9a53aee200af726b60eab1796f64e22eac5218e7558',NULL,'pdf',NULL,'Edward','test - Copy',396),
 (364,'docs/file_397.pdf',210,297,0,0,0,'222333',2,111111,NULL,'ready',0,0,'02a9a3db23620923d9d55cabac5a60669cc6b89b5c35767fa7420c38296ef200','d2ea9da70fd594fb287ee9a53aee200af726b60eab1796f64e22eac5218e7558',NULL,'pdf',NULL,'Edward','test(1)',397),
 (365,'docs/file_398.pdf',210,297,0,0,0,'222333',2,111111,NULL,'ready',0,0,'02a9a3db23620923d9d55cabac5a60669cc6b89b5c35767fa7420c38296ef200','d2ea9da70fd594fb287ee9a53aee200af726b60eab1796f64e22eac5218e7558',NULL,'pdf',NULL,'Edward','test',398),
 (366,'docs/file_399.pdf',210,297,0,0,0,'222333',2,111111,NULL,'ready',0,0,'02a9a3db23620923d9d55cabac5a60669cc6b89b5c35767fa7420c38296ef200','d2ea9da70fd594fb287ee9a53aee200af726b60eab1796f64e22eac5218e7558',NULL,'pdf',NULL,'Edward','test',399),
 (367,'docs/file_400.pdf',210,297,0,0,0,'222333',2,111111,NULL,'ready',0,0,'02a9a3db23620923d9d55cabac5a60669cc6b89b5c35767fa7420c38296ef200','d2ea9da70fd594fb287ee9a53aee200af726b60eab1796f64e22eac5218e7558',NULL,'pdf',NULL,'edward','test',400),
 (368,'docs/file_401.pdf',210,297,0,0,0,'222333',2,111111,NULL,'ready',0,0,'02a9a3db23620923d9d55cabac5a60669cc6b89b5c35767fa7420c38296ef200','d2ea9da70fd594fb287ee9a53aee200af726b60eab1796f64e22eac5218e7558',NULL,'pdf',NULL,'Edward','test',401);
INSERT INTO "Entity" ("id","enabled","playback_video","name","description","microsoft_tenant_id","brand_logo","background","passcode") VALUES (1,1,111111,'test1','Classic photobooth dev pi',NULL,111124,111123,'12345');
INSERT INTO "Languages" ("language_id","iso-code","description","icon","enabled") VALUES (1,'en','English','',1),
 (2,'es','Spanish','',1);
INSERT INTO "Object" ("id","original_name","original_extension","etag","encryption","upload_date","download_date","deletion_date","bucket","region","endpoint","objectName","objecturl","deleted") VALUES (111112,'logo','png','etag','AES','2023-01-15 12:56:40','2023-02-17 10:56:40','2023-02-19 12:56:40','jfjfoeijfjoe','America','~/LDS/data/assets/logo.png','watermark','media/assets/logo.png',0),
 (111111,'big_buck_bunny_720p_stereo.avi','mp4','etag','AES','2023-01-15 12:56:40','2023-02-17 10:56:40','2023-02-19 12:56:40','jfjfoeijfjoe','America','/home/pi/Videos/big_buck_bunny_720p_stereo.avi','playback_video','',0),
 (111113,'template1','png','etag','AES','2023-01-15 12:56:40','2023-02-17 10:56:40','2023-02-19 12:56:40','jfjfoeijfjoe','America','/home/pi/Templates/pictures/assets/layout1.png','layout1','',0),
 (111114,'template2','png','etag','AES','2023-01-15 12:56:40','2023-02-17 10:56:40','2023-02-19 12:56:40','jfjfoeijfjoe','America','/home/pi/Templates/pictures/assets/layout2.png','layout2','',0),
 (111115,'template3','png','etag','AES','2023-01-15 12:56:40','2023-02-17 10:56:40','2023-02-19 12:56:40','jfjfoeijfjoe','America','/home/pi/Templates/pictures/assets/layout3.png','layout3','',0),
 (111116,'template4','png','etag','AES','2023-01-15 12:56:40','2023-02-17 10:56:40','2023-02-19 12:56:40','jfjfoeijfjoe','America','/home/pi/Templates/pictures/assets/layout4.png','layout4','',0),
 (111117,'template5','png','etag','AES','2023-01-15 12:56:40','2023-02-17 10:56:40','2023-02-19 12:56:40','jfjfoeijfjoe','America','/home/pi/Templates/pictures/assets/layout5.png','layout5','',0),
 (111118,'template6','png','etag','AES','2023-01-15 12:56:40','2023-02-17 10:56:40','2023-02-19 12:56:40','jfjfoeijfjoe','America','/home/pi/Templates/pictures/assets/layout6.png','layout6','',0),
 (111119,'template7','png','etag','AES','2023-01-15 12:56:40','2023-02-17 10:56:40','2023-02-19 12:56:40','jfjfoeijfjoe','America','/home/pi/Templates/pictures/assets/layout7.png','layout7','/home/pi/Templates/pictures/assets/layout7.png',0),
 (111120,'template8','png','etag','AES','2023-01-15 12:56:40','2023-02-17 10:56:40','2023-02-19 12:56:40','jfjfoeijfjoe','America','/home/pi/Templates/pictures/assets/layout8.png','layout8','/home/pi/Templates/pictures/assets/layout8.png',0),
 (111121,'background','png','etag','AES','2023-10-30 12:15:14','2023-10-30 12:22:00',NULL,'jfjfoeijfjoe','America','~/LDS/data/assets/background.png','background','media/assets/background.png',0),
 (111122,'background','jpg','etag','AES','2023-11-13 14:49:04','2023-11-13 14:50:04','2023-11-13 14:49:04','jfjfjfjflde','America','~/LDS/data/assets/background2.jpg','','media/assets/background2.jpg',0),
 (111123,'legal-blue-background-gradient.jpg','jpg','','','2023-11-29 13:21:08',NULL,NULL,'','America','','','media/assets/legal-blue-background-gradient.jpg',0),
 (111124,'legal_logo','jpg','','','2023-11-29 13:31:30',NULL,NULL,'','','','','media/assets/legal_logo.jpg',0);
INSERT INTO "Questions" ("question_id","sequence_number","created_date") VALUES (3,3,'2023-12-01 15:25:57'),
 (4,2,'2023-12-04 10:02:23'),
 (6,5,'2023-12-04 10:07:51'),
 (7,4,'2023-12-04 10:08:10'),
 (10,1,'2023-12-04 13:14:08'),
 (11,1,'2023-12-04 14:34:43'),
 (12,2,'2023-12-04 14:35:16'),
 (13,3,'2023-12-04 14:36:02'),
 (14,1,'2023-12-04 14:41:22'),
 (15,2,'2023-12-04 14:41:29'),
 (16,3,'2023-12-04 14:41:37');
INSERT INTO "Questions_answers" ("question_answer_id","question_id","answer","object_id","answer_date") VALUES (1,10,0,0,'2023-12-14 20:51:06'),
 (2,10,1,340,'2023-12-14 20:54:43'),
 (3,10,0,340,'2023-12-14 20:54:48'),
 (4,10,1,340,'2023-12-14 20:55:14'),
 (5,10,1,340,'2023-12-15 11:13:48'),
 (6,11,1,340,'2023-12-15 11:19:09'),
 (7,14,0,340,'2023-12-15 11:19:11'),
 (8,4,1,340,'2023-12-15 11:19:15'),
 (9,12,0,340,'2023-12-15 11:19:24'),
 (10,15,1,340,'2023-12-15 11:19:26'),
 (11,3,1,340,'2023-12-15 11:19:34'),
 (12,13,0,340,'2023-12-15 11:19:37'),
 (13,16,1,340,'2023-12-15 11:19:39'),
 (14,7,0,340,'2023-12-15 11:19:43'),
 (15,6,0,340,'2023-12-15 11:19:46'),
 (16,10,1,340,'2023-12-15 11:19:49'),
 (17,11,0,340,'2023-12-15 11:19:52'),
 (18,14,1,340,'2023-12-15 11:19:55'),
 (19,4,1,340,'2023-12-15 11:19:59'),
 (20,12,1,340,'2023-12-15 11:20:02'),
 (21,15,0,340,'2023-12-15 11:20:07'),
 (22,3,1,340,'2023-12-15 11:20:09'),
 (23,10,1,340,'2023-12-15 11:28:34'),
 (24,11,0,340,'2023-12-15 11:28:37'),
 (25,14,1,340,'2023-12-15 11:28:38'),
 (26,4,0,340,'2023-12-15 11:28:43'),
 (27,12,1,340,'2023-12-15 11:28:45'),
 (28,15,0,340,'2023-12-15 11:28:47'),
 (29,3,1,340,'2023-12-15 11:28:49'),
 (30,13,0,340,'2023-12-15 11:28:51'),
 (31,16,1,340,'2023-12-15 11:28:52'),
 (32,7,0,340,'2023-12-15 11:28:54'),
 (33,6,1,340,'2023-12-15 11:28:56'),
 (34,10,1,340,'2023-12-15 11:30:45'),
 (35,11,0,340,'2023-12-15 11:30:48'),
 (36,14,1,340,'2023-12-15 11:30:51'),
 (37,4,1,340,'2023-12-15 11:30:53'),
 (38,12,0,340,'2023-12-15 11:30:56'),
 (39,15,1,340,'2023-12-15 11:30:58'),
 (40,3,0,340,'2023-12-15 11:31:03'),
 (41,13,1,340,'2023-12-15 11:31:06'),
 (42,16,1,340,'2023-12-15 11:31:14'),
 (43,7,1,340,'2023-12-15 11:31:21'),
 (44,6,0,340,'2023-12-15 11:31:23'),
 (45,10,1,340,'2023-12-15 11:56:09'),
 (46,11,0,340,'2023-12-15 11:56:11'),
 (47,14,1,340,'2023-12-15 11:56:14'),
 (48,4,0,340,'2023-12-15 11:56:16'),
 (49,12,1,340,'2023-12-15 11:56:18'),
 (50,15,0,340,'2023-12-15 11:56:20'),
 (51,3,1,340,'2023-12-15 11:56:27'),
 (52,13,0,340,'2023-12-15 11:56:29'),
 (53,16,1,340,'2023-12-15 11:56:30'),
 (54,7,0,340,'2023-12-15 11:56:32'),
 (55,6,1,340,'2023-12-15 11:56:33'),
 (56,10,1,340,'2023-12-15 12:13:49'),
 (57,11,0,340,'2023-12-15 12:13:51'),
 (58,14,1,340,'2023-12-15 12:13:52'),
 (59,4,0,340,'2023-12-15 12:13:53'),
 (60,12,1,340,'2023-12-15 12:13:54'),
 (61,15,0,340,'2023-12-15 12:13:55'),
 (62,3,1,340,'2023-12-15 12:13:56'),
 (63,13,0,340,'2023-12-15 12:13:57'),
 (64,16,1,340,'2023-12-15 12:13:58'),
 (65,7,0,340,'2023-12-15 12:14:01'),
 (66,6,1,340,'2023-12-15 12:14:02'),
 (67,10,0,340,'2023-12-17 19:32:57'),
 (68,11,1,340,'2023-12-17 19:32:58'),
 (69,14,0,340,'2023-12-17 19:33:00'),
 (70,4,1,340,'2023-12-17 19:33:01'),
 (71,12,0,340,'2023-12-17 19:33:03'),
 (72,15,1,340,'2023-12-17 19:33:04'),
 (73,3,0,340,'2023-12-17 19:33:06'),
 (74,13,1,340,'2023-12-17 19:33:07'),
 (75,16,0,340,'2023-12-17 19:33:09'),
 (76,7,1,340,'2023-12-17 19:33:11'),
 (77,6,0,340,'2023-12-17 19:33:14'),
 (78,10,0,340,'2023-12-17 19:38:47'),
 (79,11,0,340,'2023-12-17 19:38:48'),
 (80,14,0,340,'2023-12-17 19:38:52'),
 (81,4,0,340,'2023-12-17 19:38:54'),
 (82,12,0,340,'2023-12-17 19:38:55'),
 (83,15,0,340,'2023-12-17 19:38:56'),
 (84,3,0,340,'2023-12-17 19:38:58'),
 (85,13,0,340,'2023-12-17 19:39:01'),
 (86,16,0,340,'2023-12-17 19:39:04'),
 (87,7,0,340,'2023-12-17 19:39:05'),
 (88,6,0,340,'2023-12-17 19:39:06');
INSERT INTO "Questions_text" ("questions_text_id","question_id","language_id","question_text") VALUES (5,3,1,'Was the prision guard present with you when printing?'),
 (6,3,2,'¿Estuvo presente el guardia de prisión con usted durante la impresión?'),
 (7,4,1,'Were all pages printed out?'),
 (8,4,2,'¿Se imprimieron todas las páginas?'),
 (11,6,1,'Did you get to print your doucments in a private room?'),
 (12,6,2,'¿Pudiste imprimir tus documentos en una sala privada?'),
 (13,7,1,'Were you able to read the printed documents?'),
 (14,7,2,'¿Pudiste leer los documentos impresos?'),
 (19,10,1,'Did you recieve your printout?'),
 (20,10,2,'¿Recibiste tu copia impresa?'),
 (21,11,1,'Entity 1 question 1'),
 (22,11,2,'Entidad 1 pregunta 1'),
 (23,12,1,'Entity 1 question 2'),
 (24,12,2,'Entidad 1 pregunta 2'),
 (25,13,1,'Entity 1 question 3'),
 (26,13,2,'Entidad 1 pregunta 3'),
 (27,14,1,'E1111'),
 (28,14,2,'S1111'),
 (29,15,1,'e22222'),
 (30,15,2,'s22222'),
 (31,16,1,'e3333'),
 (32,16,2,'s3333');
COMMIT;
